"","state","solution_level","fw_kg_per_capita","scenario","conversion_factor","diversion_potential_kg_per_capita"
"1","AL","Prevention",197.76633,"alternative","high",0.680157442885358
"2","AL","Prevention",197.76633,"alternative","low",0.340078721442679
"3","AL","Prevention",197.76633,"baseline","high",0.221148444138306
"4","AL","Prevention",197.76633,"baseline","low",0.110574222069153
"5","AL","Rescue",197.76633,"alternative","high",1.5796968150933
"6","AL","Rescue",197.76633,"alternative","low",0.789848407546652
"7","AL","Rescue",197.76633,"baseline","high",0.90629425885703
"8","AL","Rescue",197.76633,"baseline","low",0.453147129428515
"9","AL","Animal Feed",197.76633,"alternative","high",0.296674274657855
"10","AL","Animal Feed",197.76633,"alternative","low",0.148337137328927
"11","AL","Animal Feed",197.76633,"baseline","high",0.296674274657855
"12","AL","Animal Feed",197.76633,"baseline","low",0.148337137328927
"13","AL","Recycling",197.76633,"alternative","high",15.6182414965299
"14","AL","Recycling",197.76633,"alternative","low",7.80912074826497
"15","AL","Recycling",197.76633,"baseline","high",13.5549834853709
"16","AL","Recycling",197.76633,"baseline","low",6.77749174268544
"17","AL","All",197.76633,"alternative","high",18.1747700291665
"18","AL","All",197.76633,"alternative","low",9.08738501458323
"19","AL","All",197.76633,"baseline","high",14.9791004630241
"20","AL","All",197.76633,"baseline","low",7.48955023151203
"21","AK","Prevention",166.92204,"alternative","high",3.73735761430145
"22","AK","Prevention",166.92204,"alternative","low",1.86867880715073
"23","AK","Prevention",166.92204,"baseline","high",1.14368467590685
"24","AK","Prevention",166.92204,"baseline","low",0.571842337953424
"25","AK","Rescue",166.92204,"alternative","high",1.13755094637394
"26","AK","Rescue",166.92204,"alternative","low",0.56877547318697
"27","AK","Rescue",166.92204,"baseline","high",0.702918366124938
"28","AK","Rescue",166.92204,"baseline","low",0.351459183062469
"29","AK","Animal Feed",166.92204,"alternative","high",0.236690852580741
"30","AK","Animal Feed",166.92204,"alternative","low",0.118345426290371
"31","AK","Animal Feed",166.92204,"baseline","high",0.236690852580741
"32","AK","Animal Feed",166.92204,"baseline","low",0.118345426290371
"33","AK","Recycling",166.92204,"alternative","high",14.1321435167679
"34","AK","Recycling",166.92204,"alternative","low",7.06607175838395
"35","AK","Recycling",166.92204,"baseline","high",12.1361100434711
"36","AK","Recycling",166.92204,"baseline","low",6.06805502173554
"37","AK","All",166.92204,"alternative","high",19.243742930024
"38","AK","All",166.92204,"alternative","low",9.62187146501202
"39","AK","All",166.92204,"baseline","high",14.2194039380836
"40","AK","All",166.92204,"baseline","low",7.1097019690418
"41","AZ","Prevention",746.613255,"alternative","high",11.6122271280808
"42","AZ","Prevention",746.613255,"alternative","low",5.80611356404038
"43","AZ","Prevention",746.613255,"baseline","high",3.59306570236129
"44","AZ","Prevention",746.613255,"baseline","low",1.79653285118065
"45","AZ","Rescue",746.613255,"alternative","high",19.195558246239
"46","AZ","Rescue",746.613255,"alternative","low",9.5977791231195
"47","AZ","Rescue",746.613255,"baseline","high",9.76989507162489
"48","AZ","Rescue",746.613255,"baseline","low",4.88494753581244
"49","AZ","Animal Feed",746.613255,"alternative","high",6.29310041373937
"50","AZ","Animal Feed",746.613255,"alternative","low",3.14655020686968
"51","AZ","Animal Feed",746.613255,"baseline","high",6.29310041373937
"52","AZ","Animal Feed",746.613255,"baseline","low",3.14655020686968
"53","AZ","Recycling",746.613255,"alternative","high",45.2233400461603
"54","AZ","Recycling",746.613255,"alternative","low",22.6116700230802
"55","AZ","Recycling",746.613255,"baseline","high",38.7450251524003
"56","AZ","Recycling",746.613255,"baseline","low",19.3725125762001
"57","AZ","All",746.613255,"alternative","high",82.3242258342195
"58","AZ","All",746.613255,"alternative","low",41.1621129171097
"59","AZ","All",746.613255,"baseline","high",58.4010863401258
"60","AZ","All",746.613255,"baseline","low",29.2005431700629
"61","AR","Prevention",110.67657,"alternative","high",2.13866467455269
"62","AR","Prevention",110.67657,"alternative","low",1.06933233727635
"63","AR","Prevention",110.67657,"baseline","high",0.767160516574253
"64","AR","Prevention",110.67657,"baseline","low",0.383580258287126
"65","AR","Rescue",110.67657,"alternative","high",0.79516209875068
"66","AR","Rescue",110.67657,"alternative","low",0.39758104937534
"67","AR","Rescue",110.67657,"baseline","high",0.436187108293694
"68","AR","Rescue",110.67657,"baseline","low",0.218093554146847
"69","AR","Animal Feed",110.67657,"alternative","high",0.359549458017912
"70","AR","Animal Feed",110.67657,"alternative","low",0.179774729008956
"71","AR","Animal Feed",110.67657,"baseline","high",0.359549458017912
"72","AR","Animal Feed",110.67657,"baseline","low",0.179774729008956
"73","AR","Recycling",110.67657,"alternative","high",8.35590836636135
"74","AR","Recycling",110.67657,"alternative","low",4.17795418318067
"75","AR","Recycling",110.67657,"baseline","high",7.31546755465628
"76","AR","Recycling",110.67657,"baseline","low",3.65773377732814
"77","AR","All",110.67657,"alternative","high",11.6492845976826
"78","AR","All",110.67657,"alternative","low",5.82464229884132
"79","AR","All",110.67657,"baseline","high",8.87836463754214
"80","AR","All",110.67657,"baseline","low",4.43918231877107
"81","CA","Prevention",315.70038,"alternative","high",3.20780551692769
"82","CA","Prevention",315.70038,"alternative","low",1.60390275846385
"83","CA","Prevention",315.70038,"baseline","high",1.00413805494178
"84","CA","Prevention",315.70038,"baseline","low",0.502069027470888
"85","CA","Rescue",315.70038,"alternative","high",18.1311561818251
"86","CA","Rescue",315.70038,"alternative","low",9.06557809091253
"87","CA","Rescue",315.70038,"baseline","high",8.95485304735884
"88","CA","Rescue",315.70038,"baseline","low",4.47742652367942
"89","CA","Animal Feed",315.70038,"alternative","high",4.9975422794916
"90","CA","Animal Feed",315.70038,"alternative","low",2.4987711397458
"91","CA","Animal Feed",315.70038,"baseline","high",4.9975422794916
"92","CA","Animal Feed",315.70038,"baseline","low",2.4987711397458
"93","CA","Recycling",315.70038,"alternative","high",75.4801333168913
"94","CA","Recycling",315.70038,"alternative","low",37.7400666584456
"95","CA","Recycling",315.70038,"baseline","high",66.0090857834328
"96","CA","Recycling",315.70038,"baseline","low",33.0045428917164
"97","CA","All",315.70038,"alternative","high",101.816637295136
"98","CA","All",315.70038,"alternative","low",50.9083186475678
"99","CA","All",315.70038,"baseline","high",80.965619165225
"100","CA","All",315.70038,"baseline","low",40.4828095826125
"101","CO","Prevention",241.31121,"alternative","high",0.820157648931985
"102","CO","Prevention",241.31121,"alternative","low",0.410078824465992
"103","CO","Prevention",241.31121,"baseline","high",0.262818417227969
"104","CO","Prevention",241.31121,"baseline","low",0.131409208613985
"105","CO","Rescue",241.31121,"alternative","high",1.68761098400008
"106","CO","Rescue",241.31121,"alternative","low",0.843805492000041
"107","CO","Rescue",241.31121,"baseline","high",0.97305593586783
"108","CO","Rescue",241.31121,"baseline","low",0.486527967933915
"109","CO","Animal Feed",241.31121,"alternative","high",2.28935288424491
"110","CO","Animal Feed",241.31121,"alternative","low",1.14467644212246
"111","CO","Animal Feed",241.31121,"baseline","high",2.28935288424491
"112","CO","Animal Feed",241.31121,"baseline","low",1.14467644212246
"113","CO","Recycling",241.31121,"alternative","high",19.6146090028371
"114","CO","Recycling",241.31121,"alternative","low",9.80730450141857
"115","CO","Recycling",241.31121,"baseline","high",16.8989992593098
"116","CO","Recycling",241.31121,"baseline","low",8.44949962965492
"117","CO","All",241.31121,"alternative","high",24.4117305200141
"118","CO","All",241.31121,"alternative","low",12.2058652600071
"119","CO","All",241.31121,"baseline","high",20.4242264966506
"120","CO","All",241.31121,"baseline","low",10.2121132483253
"121","CT","Prevention",187.787295,"alternative","high",4.07786646466144
"122","CT","Prevention",187.787295,"alternative","low",2.03893323233072
"123","CT","Prevention",187.787295,"baseline","high",1.2496694032707
"124","CT","Prevention",187.787295,"baseline","low",0.624834701635349
"125","CT","Rescue",187.787295,"alternative","high",0.920743118754418
"126","CT","Rescue",187.787295,"alternative","low",0.460371559377209
"127","CT","Rescue",187.787295,"baseline","high",0.584597643662113
"128","CT","Rescue",187.787295,"baseline","low",0.292298821831057
"129","CT","Animal Feed",187.787295,"alternative","high",1.41800720328649
"130","CT","Animal Feed",187.787295,"alternative","low",0.709003601643246
"131","CT","Animal Feed",187.787295,"baseline","high",1.41800720328649
"132","CT","Animal Feed",187.787295,"baseline","low",0.709003601643246
"133","CT","Recycling",187.787295,"alternative","high",47.2161089768455
"134","CT","Recycling",187.787295,"alternative","low",23.6080544884227
"135","CT","Recycling",187.787295,"baseline","high",40.2344425940911
"136","CT","Recycling",187.787295,"baseline","low",20.1172212970455
"137","CT","All",187.787295,"alternative","high",53.6327257635478
"138","CT","All",187.787295,"alternative","low",26.8163628817739
"139","CT","All",187.787295,"baseline","high",43.4867168443104
"140","CT","All",187.787295,"baseline","low",21.7433584221552
"141","DE","Prevention",239.49684,"alternative","high",4.38512238934368
"142","DE","Prevention",239.49684,"alternative","low",2.19256119467184
"143","DE","Prevention",239.49684,"baseline","high",1.37424971507153
"144","DE","Prevention",239.49684,"baseline","low",0.687124857535763
"145","DE","Rescue",239.49684,"alternative","high",2.45812964915495
"146","DE","Rescue",239.49684,"alternative","low",1.22906482457747
"147","DE","Rescue",239.49684,"baseline","high",1.31134604291706
"148","DE","Rescue",239.49684,"baseline","low",0.655673021458528
"149","DE","Animal Feed",239.49684,"alternative","high",0.393236747312227
"150","DE","Animal Feed",239.49684,"alternative","low",0.196618373656113
"151","DE","Animal Feed",239.49684,"baseline","high",0.393236747312227
"152","DE","Animal Feed",239.49684,"baseline","low",0.196618373656113
"153","DE","Recycling",239.49684,"alternative","high",17.1450576975448
"154","DE","Recycling",239.49684,"alternative","low",8.57252884877238
"155","DE","Recycling",239.49684,"baseline","high",14.798978745715
"156","DE","Recycling",239.49684,"baseline","low",7.39948937285748
"157","DE","All",239.49684,"alternative","high",24.3815464833556
"158","DE","All",239.49684,"alternative","low",12.1907732416778
"159","DE","All",239.49684,"baseline","high",17.8778112510158
"160","DE","All",239.49684,"baseline","low",8.93890562550788
"161","FL","Prevention",267.619575,"alternative","high",0.796113113651649
"162","FL","Prevention",267.619575,"alternative","low",0.398056556825824
"163","FL","Prevention",267.619575,"baseline","high",0.247347604563896
"164","FL","Prevention",267.619575,"baseline","low",0.123673802281948
"165","FL","Rescue",267.619575,"alternative","high",2.50248143887556
"166","FL","Rescue",267.619575,"alternative","low",1.25124071943778
"167","FL","Rescue",267.619575,"baseline","high",1.36281626823082
"168","FL","Rescue",267.619575,"baseline","low",0.681408134115409
"169","FL","Animal Feed",267.619575,"alternative","high",3.26074109183476
"170","FL","Animal Feed",267.619575,"alternative","low",1.63037054591738
"171","FL","Animal Feed",267.619575,"baseline","high",3.26074109183476
"172","FL","Animal Feed",267.619575,"baseline","low",1.63037054591738
"173","FL","Recycling",267.619575,"alternative","high",19.4138065945775
"174","FL","Recycling",267.619575,"alternative","low",9.70690329728876
"175","FL","Recycling",267.619575,"baseline","high",16.8841752192984
"176","FL","Recycling",267.619575,"baseline","low",8.44208760964922
"177","FL","All",267.619575,"alternative","high",25.9731422389395
"178","FL","All",267.619575,"alternative","low",12.9865711194697
"179","FL","All",267.619575,"baseline","high",21.7550801839279
"180","FL","All",267.619575,"baseline","low",10.877540091964
"181","GA","Prevention",239.49684,"alternative","high",0.692421100310609
"182","GA","Prevention",239.49684,"alternative","low",0.346210550155304
"183","GA","Prevention",239.49684,"baseline","high",0.226852330047194
"184","GA","Prevention",239.49684,"baseline","low",0.113426165023597
"185","GA","Rescue",239.49684,"alternative","high",2.9641219072852
"186","GA","Rescue",239.49684,"alternative","low",1.4820609536426
"187","GA","Rescue",239.49684,"baseline","high",1.55478942119688
"188","GA","Rescue",239.49684,"baseline","low",0.777394710598441
"189","GA","Animal Feed",239.49684,"alternative","high",0.46791363092016
"190","GA","Animal Feed",239.49684,"alternative","low",0.23395681546008
"191","GA","Animal Feed",239.49684,"baseline","high",0.46791363092016
"192","GA","Animal Feed",239.49684,"baseline","low",0.23395681546008
"193","GA","Recycling",239.49684,"alternative","high",16.7022852911006
"194","GA","Recycling",239.49684,"alternative","low",8.3511426455503
"195","GA","Recycling",239.49684,"baseline","high",14.5369659897101
"196","GA","Recycling",239.49684,"baseline","low",7.26848299485505
"197","GA","All",239.49684,"alternative","high",20.8267419296166
"198","GA","All",239.49684,"alternative","low",10.4133709648083
"199","GA","All",239.49684,"baseline","high",16.7865213718743
"200","GA","All",239.49684,"baseline","low",8.39326068593717
"201","HI","Prevention",152.40708,"alternative","high",0.438855542781619
"202","HI","Prevention",152.40708,"alternative","low",0.219427771390809
"203","HI","Prevention",152.40708,"baseline","high",0.130022825915449
"204","HI","Prevention",152.40708,"baseline","low",0.0650114129577246
"205","HI","Rescue",152.40708,"alternative","high",1.49130140193868
"206","HI","Rescue",152.40708,"alternative","low",0.74565070096934
"207","HI","Rescue",152.40708,"baseline","high",0.8977233783368
"208","HI","Rescue",152.40708,"baseline","low",0.4488616891684
"209","HI","Animal Feed",152.40708,"alternative","high",1.60918839200138
"210","HI","Animal Feed",152.40708,"alternative","low",0.804594196000688
"211","HI","Animal Feed",152.40708,"baseline","high",1.60918839200138
"212","HI","Animal Feed",152.40708,"baseline","low",0.804594196000688
"213","HI","Recycling",152.40708,"alternative","high",12.292561563401
"214","HI","Recycling",152.40708,"alternative","low",6.14628078170048
"215","HI","Recycling",152.40708,"baseline","high",10.5825379276591
"216","HI","Recycling",152.40708,"baseline","low",5.29126896382957
"217","HI","All",152.40708,"alternative","high",15.8319069001226
"218","HI","All",152.40708,"alternative","low",7.91595345006132
"219","HI","All",152.40708,"baseline","high",13.2194725239128
"220","HI","All",152.40708,"baseline","low",6.60973626195638
"221","ID","Prevention",452.685315,"alternative","high",3.09668235270919
"222","ID","Prevention",452.685315,"alternative","low",1.54834117635459
"223","ID","Prevention",452.685315,"baseline","high",1.05030808706082
"224","ID","Prevention",452.685315,"baseline","low",0.525154043530408
"225","ID","Rescue",452.685315,"alternative","high",9.94476980264849
"226","ID","Rescue",452.685315,"alternative","low",4.97238490132424
"227","ID","Rescue",452.685315,"baseline","high",4.69058857901617
"228","ID","Rescue",452.685315,"baseline","low",2.34529428950809
"229","ID","Animal Feed",452.685315,"alternative","high",2.58280339127324
"230","ID","Animal Feed",452.685315,"alternative","low",1.29140169563662
"231","ID","Animal Feed",452.685315,"baseline","high",2.58280339127324
"232","ID","Animal Feed",452.685315,"baseline","low",1.29140169563662
"233","ID","Recycling",452.685315,"alternative","high",25.9467825661986
"234","ID","Recycling",452.685315,"alternative","low",12.9733912830993
"235","ID","Recycling",452.685315,"baseline","high",24.3059391497162
"236","ID","Recycling",452.685315,"baseline","low",12.1529695748581
"237","ID","All",452.685315,"alternative","high",41.5710381128295
"238","ID","All",452.685315,"alternative","low",20.7855190564147
"239","ID","All",452.685315,"baseline","high",32.6296392070664
"240","ID","All",452.685315,"baseline","low",16.3148196035332
"241","IL","Prevention",222.260325,"alternative","high",0.657998440400338
"242","IL","Prevention",222.260325,"alternative","low",0.328999220200169
"243","IL","Prevention",222.260325,"baseline","high",0.233881850950343
"244","IL","Prevention",222.260325,"baseline","low",0.116940925475172
"245","IL","Rescue",222.260325,"alternative","high",1.49369072519512
"246","IL","Rescue",222.260325,"alternative","low",0.746845362597559
"247","IL","Rescue",222.260325,"baseline","high",0.838835133658088
"248","IL","Rescue",222.260325,"baseline","low",0.419417566829044
"249","IL","Animal Feed",222.260325,"alternative","high",0.834410533245028
"250","IL","Animal Feed",222.260325,"alternative","low",0.417205266622514
"251","IL","Animal Feed",222.260325,"baseline","high",0.834410533245028
"252","IL","Animal Feed",222.260325,"baseline","low",0.417205266622514
"253","IL","Recycling",222.260325,"alternative","high",16.6199272679474
"254","IL","Recycling",222.260325,"alternative","low",8.30996363397372
"255","IL","Recycling",222.260325,"baseline","high",14.6258630881518
"256","IL","Recycling",222.260325,"baseline","low",7.3129315440759
"257","IL","All",222.260325,"alternative","high",19.6060269667879
"258","IL","All",222.260325,"alternative","low",9.80301348339397
"259","IL","All",222.260325,"baseline","high",16.5329906060053
"260","IL","All",222.260325,"baseline","low",8.26649530300263
"261","IN","Prevention",243.12558,"alternative","high",4.79543386688436
"262","IN","Prevention",243.12558,"alternative","low",2.39771693344218
"263","IN","Prevention",243.12558,"baseline","high",1.67461972905026
"264","IN","Prevention",243.12558,"baseline","low",0.837309864525128
"265","IN","Rescue",243.12558,"alternative","high",1.78180657212376
"266","IN","Rescue",243.12558,"alternative","low",0.890903286061879
"267","IN","Rescue",243.12558,"baseline","high",0.996003135993225
"268","IN","Rescue",243.12558,"baseline","low",0.498001567996612
"269","IN","Animal Feed",243.12558,"alternative","high",3.89625488369014
"270","IN","Animal Feed",243.12558,"alternative","low",1.94812744184507
"271","IN","Animal Feed",243.12558,"baseline","high",3.89625488369014
"272","IN","Animal Feed",243.12558,"baseline","low",1.94812744184507
"273","IN","Recycling",243.12558,"alternative","high",18.5065902242398
"274","IN","Recycling",243.12558,"alternative","low",9.25329511211991
"275","IN","Recycling",243.12558,"baseline","high",16.136723482765
"276","IN","Recycling",243.12558,"baseline","low",8.06836174138251
"277","IN","All",243.12558,"alternative","high",28.9800855469381
"278","IN","All",243.12558,"alternative","low",14.490042773469
"279","IN","All",243.12558,"baseline","high",22.7036012314986
"280","IN","All",243.12558,"baseline","low",11.3518006157493
"281","IA","Prevention",317.51475,"alternative","high",5.40538684471348
"282","IA","Prevention",317.51475,"alternative","low",2.70269342235674
"283","IA","Prevention",317.51475,"baseline","high",2.25745129063157
"284","IA","Prevention",317.51475,"baseline","low",1.12872564531578
"285","IA","Rescue",317.51475,"alternative","high",2.65786128211901
"286","IA","Rescue",317.51475,"alternative","low",1.3289306410595
"287","IA","Rescue",317.51475,"baseline","high",1.38355203656786
"288","IA","Rescue",317.51475,"baseline","low",0.691776018283932
"289","IA","Animal Feed",317.51475,"alternative","high",7.44607050855695
"290","IA","Animal Feed",317.51475,"alternative","low",3.72303525427847
"291","IA","Animal Feed",317.51475,"baseline","high",7.44607050855695
"292","IA","Animal Feed",317.51475,"baseline","low",3.72303525427847
"293","IA","Recycling",317.51475,"alternative","high",22.7038793653849
"294","IA","Recycling",317.51475,"alternative","low",11.3519396826925
"295","IA","Recycling",317.51475,"baseline","high",20.3816865488918
"296","IA","Recycling",317.51475,"baseline","low",10.1908432744459
"297","IA","All",317.51475,"alternative","high",38.2131980007743
"298","IA","All",317.51475,"alternative","low",19.1065990003872
"299","IA","All",317.51475,"baseline","high",31.4687603846481
"300","IA","All",317.51475,"baseline","low",15.7343801923241
"301","KS","Prevention",223.16751,"alternative","high",4.54670339956252
"302","KS","Prevention",223.16751,"alternative","low",2.27335169978126
"303","KS","Prevention",223.16751,"baseline","high",1.63259771413311
"304","KS","Prevention",223.16751,"baseline","low",0.816298857066557
"305","KS","Rescue",223.16751,"alternative","high",1.36031017576603
"306","KS","Rescue",223.16751,"alternative","low",0.680155087883013
"307","KS","Rescue",223.16751,"baseline","high",0.793362039817318
"308","KS","Rescue",223.16751,"baseline","low",0.396681019908659
"309","KS","Animal Feed",223.16751,"alternative","high",0.646384716553126
"310","KS","Animal Feed",223.16751,"alternative","low",0.323192358276563
"311","KS","Animal Feed",223.16751,"baseline","high",0.646384716553126
"312","KS","Animal Feed",223.16751,"baseline","low",0.323192358276563
"313","KS","Recycling",223.16751,"alternative","high",17.7937475539668
"314","KS","Recycling",223.16751,"alternative","low",8.89687377698338
"315","KS","Recycling",223.16751,"baseline","high",15.5576481746021
"316","KS","Recycling",223.16751,"baseline","low",7.77882408730103
"317","KS","All",223.16751,"alternative","high",24.3471458458484
"318","KS","All",223.16751,"alternative","low",12.1735729229242
"319","KS","All",223.16751,"baseline","high",18.6299926451056
"320","KS","All",223.16751,"baseline","low",9.31499632255281
"321","KY","Prevention",224.074695,"alternative","high",0.804065052112331
"322","KY","Prevention",224.074695,"alternative","low",0.402032526056165
"323","KY","Prevention",224.074695,"baseline","high",0.271538774467507
"324","KY","Prevention",224.074695,"baseline","low",0.135769387233753
"325","KY","Rescue",224.074695,"alternative","high",1.7776823737158
"326","KY","Rescue",224.074695,"alternative","low",0.888841186857902
"327","KY","Rescue",224.074695,"baseline","high",1.09946721490384
"328","KY","Rescue",224.074695,"baseline","low",0.549733607451919
"329","KY","Animal Feed",224.074695,"alternative","high",0.464905276701036
"330","KY","Animal Feed",224.074695,"alternative","low",0.232452638350518
"331","KY","Animal Feed",224.074695,"baseline","high",0.464905276701036
"332","KY","Animal Feed",224.074695,"baseline","low",0.232452638350518
"333","KY","Recycling",224.074695,"alternative","high",18.4376052295481
"334","KY","Recycling",224.074695,"alternative","low",9.21880261477403
"335","KY","Recycling",224.074695,"baseline","high",16.0119251315853
"336","KY","Recycling",224.074695,"baseline","low",8.00596256579263
"337","KY","All",224.074695,"alternative","high",21.4842579320772
"338","KY","All",224.074695,"alternative","low",10.7421289660386
"339","KY","All",224.074695,"baseline","high",17.8478363976576
"340","KY","All",224.074695,"baseline","low",8.92391819882882
"341","LA","Prevention",321.14349,"alternative","high",0.752899379876089
"342","LA","Prevention",321.14349,"alternative","low",0.376449689938045
"343","LA","Prevention",321.14349,"baseline","high",0.253428421125847
"344","LA","Prevention",321.14349,"baseline","low",0.126714210562923
"345","LA","Rescue",321.14349,"alternative","high",1.51089841174555
"346","LA","Rescue",321.14349,"alternative","low",0.755449205872773
"347","LA","Rescue",321.14349,"baseline","high",0.863283415997496
"348","LA","Rescue",321.14349,"baseline","low",0.431641707998748
"349","LA","Animal Feed",321.14349,"alternative","high",1.97617478889096
"350","LA","Animal Feed",321.14349,"alternative","low",0.988087394445479
"351","LA","Animal Feed",321.14349,"baseline","high",1.97617478889096
"352","LA","Animal Feed",321.14349,"baseline","low",0.988087394445479
"353","LA","Recycling",321.14349,"alternative","high",22.5455436667141
"354","LA","Recycling",321.14349,"alternative","low",11.2727718333571
"355","LA","Recycling",321.14349,"baseline","high",20.2490802733951
"356","LA","Recycling",321.14349,"baseline","low",10.1245401366975
"357","LA","All",321.14349,"alternative","high",26.7855162472267
"358","LA","All",321.14349,"alternative","low",13.3927581236134
"359","LA","All",321.14349,"baseline","high",23.3419668994094
"360","LA","All",321.14349,"baseline","low",11.6709834497047
"361","ME","Prevention",288.48483,"alternative","high",5.22190298086598
"362","ME","Prevention",288.48483,"alternative","low",2.61095149043299
"363","ME","Prevention",288.48483,"baseline","high",1.64508689018353
"364","ME","Prevention",288.48483,"baseline","low",0.822543445091765
"365","ME","Rescue",288.48483,"alternative","high",3.45952989957534
"366","ME","Rescue",288.48483,"alternative","low",1.72976494978767
"367","ME","Rescue",288.48483,"baseline","high",1.76847398871514
"368","ME","Rescue",288.48483,"baseline","low",0.884236994357571
"369","ME","Animal Feed",288.48483,"alternative","high",3.08192341318638
"370","ME","Animal Feed",288.48483,"alternative","low",1.54096170659319
"371","ME","Animal Feed",288.48483,"baseline","high",3.08192341318638
"372","ME","Animal Feed",288.48483,"baseline","low",1.54096170659319
"373","ME","Recycling",288.48483,"alternative","high",21.2283577289872
"374","ME","Recycling",288.48483,"alternative","low",10.6141788644936
"375","ME","Recycling",288.48483,"baseline","high",18.3973788102967
"376","ME","Recycling",288.48483,"baseline","low",9.19868940514836
"377","ME","All",288.48483,"alternative","high",32.991714022615
"378","ME","All",288.48483,"alternative","low",16.4958570113075
"379","ME","All",288.48483,"baseline","high",24.8928631023818
"380","ME","All",288.48483,"baseline","low",12.4464315511909
"381","MD","Prevention",190.50885,"alternative","high",0.650999809113406
"382","MD","Prevention",190.50885,"alternative","low",0.325499904556703
"383","MD","Prevention",190.50885,"baseline","high",0.201909150885386
"384","MD","Prevention",190.50885,"baseline","low",0.100954575442693
"385","MD","Rescue",190.50885,"alternative","high",1.87358226778281
"386","MD","Rescue",190.50885,"alternative","low",0.936791133891404
"387","MD","Rescue",190.50885,"baseline","high",1.12023365895636
"388","MD","Rescue",190.50885,"baseline","low",0.560116829478178
"389","MD","Animal Feed",190.50885,"alternative","high",1.47829100920978
"390","MD","Animal Feed",190.50885,"alternative","low",0.739145504604888
"391","MD","Animal Feed",190.50885,"baseline","high",1.47829100920978
"392","MD","Animal Feed",190.50885,"baseline","low",0.739145504604888
"393","MD","Recycling",190.50885,"alternative","high",30.8087622349795
"394","MD","Recycling",190.50885,"alternative","low",15.4043811174898
"395","MD","Recycling",190.50885,"baseline","high",26.5201263559222
"396","MD","Recycling",190.50885,"baseline","low",13.2600631779611
"397","MD","All",190.50885,"alternative","high",34.8116353210855
"398","MD","All",190.50885,"alternative","low",17.4058176605428
"399","MD","All",190.50885,"baseline","high",29.3205601749737
"400","MD","All",190.50885,"baseline","low",14.6602800874869
"401","MA","Prevention",215.91003,"alternative","high",0.74951770389935
"402","MA","Prevention",215.91003,"alternative","low",0.374758851949675
"403","MA","Prevention",215.91003,"baseline","high",0.234466489048316
"404","MA","Prevention",215.91003,"baseline","low",0.117233244524158
"405","MA","Rescue",215.91003,"alternative","high",1.96942316656563
"406","MA","Rescue",215.91003,"alternative","low",0.984711583282816
"407","MA","Rescue",215.91003,"baseline","high",1.1743458488654
"408","MA","Rescue",215.91003,"baseline","low",0.587172924432699
"409","MA","Animal Feed",215.91003,"alternative","high",0.295179066166821
"410","MA","Animal Feed",215.91003,"alternative","low",0.14758953308341
"411","MA","Animal Feed",215.91003,"baseline","high",0.295179066166821
"412","MA","Animal Feed",215.91003,"baseline","low",0.14758953308341
"413","MA","Recycling",215.91003,"alternative","high",53.0670298935647
"414","MA","Recycling",215.91003,"alternative","low",26.5335149467824
"415","MA","Recycling",215.91003,"baseline","high",45.3623427224937
"416","MA","Recycling",215.91003,"baseline","low",22.6811713612469
"417","MA","All",215.91003,"alternative","high",56.0811498301965
"418","MA","All",215.91003,"alternative","low",28.0405749150983
"419","MA","All",215.91003,"baseline","high",47.0663341265742
"420","MA","All",215.91003,"baseline","low",23.5331670632871
"421","MI","Prevention",242.218395,"alternative","high",0.678431523265787
"422","MI","Prevention",242.218395,"alternative","low",0.339215761632894
"423","MI","Prevention",242.218395,"baseline","high",0.226748462506724
"424","MI","Prevention",242.218395,"baseline","low",0.113374231253362
"425","MI","Rescue",242.218395,"alternative","high",2.7584609879056
"426","MI","Rescue",242.218395,"alternative","low",1.3792304939528
"427","MI","Rescue",242.218395,"baseline","high",1.44918510064106
"428","MI","Rescue",242.218395,"baseline","low",0.724592550320528
"429","MI","Animal Feed",242.218395,"alternative","high",3.88532038159641
"430","MI","Animal Feed",242.218395,"alternative","low",1.94266019079821
"431","MI","Animal Feed",242.218395,"baseline","high",3.88532038159641
"432","MI","Animal Feed",242.218395,"baseline","low",1.94266019079821
"433","MI","Recycling",242.218395,"alternative","high",16.8687212988884
"434","MI","Recycling",242.218395,"alternative","low",8.43436064944419
"435","MI","Recycling",242.218395,"baseline","high",14.7533170316823
"436","MI","Recycling",242.218395,"baseline","low",7.37665851584114
"437","MI","All",242.218395,"alternative","high",24.1909341916562
"438","MI","All",242.218395,"alternative","low",12.0954670958281
"439","MI","All",242.218395,"baseline","high",20.3145709764265
"440","MI","All",242.218395,"baseline","low",10.1572854882132
"441","MN","Prevention",302.092605,"alternative","high",3.88992098936087
"442","MN","Prevention",302.092605,"alternative","low",1.94496049468043
"443","MN","Prevention",302.092605,"baseline","high",1.43161590528526
"444","MN","Prevention",302.092605,"baseline","low",0.715807952642628
"445","MN","Rescue",302.092605,"alternative","high",1.78514524762414
"446","MN","Rescue",302.092605,"alternative","low",0.892572623812072
"447","MN","Rescue",302.092605,"baseline","high",0.943999173293318
"448","MN","Rescue",302.092605,"baseline","low",0.471999586646659
"449","MN","Animal Feed",302.092605,"alternative","high",7.74317285494553
"450","MN","Animal Feed",302.092605,"alternative","low",3.87158642747276
"451","MN","Animal Feed",302.092605,"baseline","high",7.74317285494553
"452","MN","Animal Feed",302.092605,"baseline","low",3.87158642747276
"453","MN","Recycling",302.092605,"alternative","high",20.2228560473183
"454","MN","Recycling",302.092605,"alternative","low",10.1114280236592
"455","MN","Recycling",302.092605,"baseline","high",18.3031641814011
"456","MN","Recycling",302.092605,"baseline","low",9.15158209070053
"457","MN","All",302.092605,"alternative","high",33.6410951392489
"458","MN","All",302.092605,"alternative","low",16.8205475696244
"459","MN","All",302.092605,"baseline","high",28.4219521149252
"460","MN","All",302.092605,"baseline","low",14.2109760574626
"461","MS","Prevention",217.7244,"alternative","high",4.25336461141045
"462","MS","Prevention",217.7244,"alternative","low",2.12668230570523
"463","MS","Prevention",217.7244,"baseline","high",1.38459836063154
"464","MS","Prevention",217.7244,"baseline","low",0.692299180315772
"465","MS","Rescue",217.7244,"alternative","high",2.28546400269346
"466","MS","Rescue",217.7244,"alternative","low",1.14273200134673
"467","MS","Rescue",217.7244,"baseline","high",1.23978896558925
"468","MS","Rescue",217.7244,"baseline","low",0.619894482794625
"469","MS","Animal Feed",217.7244,"alternative","high",0.405736889998409
"470","MS","Animal Feed",217.7244,"alternative","low",0.202868444999204
"471","MS","Animal Feed",217.7244,"baseline","high",0.405736889998409
"472","MS","Animal Feed",217.7244,"baseline","low",0.202868444999204
"473","MS","Recycling",217.7244,"alternative","high",16.4228399798924
"474","MS","Recycling",217.7244,"alternative","low",8.21141998994618
"475","MS","Recycling",217.7244,"baseline","high",14.256164509699
"476","MS","Recycling",217.7244,"baseline","low",7.12808225484951
"477","MS","All",217.7244,"alternative","high",23.3674054839947
"478","MS","All",217.7244,"alternative","low",11.6837027419973
"479","MS","All",217.7244,"baseline","high",17.2862887259182
"480","MS","All",217.7244,"baseline","low",8.64314436295911
"481","MO","Prevention",238.589655,"alternative","high",4.24743880072764
"482","MO","Prevention",238.589655,"alternative","low",2.12371940036382
"483","MO","Prevention",238.589655,"baseline","high",1.50858851412868
"484","MO","Prevention",238.589655,"baseline","low",0.754294257064342
"485","MO","Rescue",238.589655,"alternative","high",2.14750488651372
"486","MO","Rescue",238.589655,"alternative","low",1.07375244325686
"487","MO","Rescue",238.589655,"baseline","high",1.23346928669382
"488","MO","Rescue",238.589655,"baseline","low",0.616734643346909
"489","MO","Animal Feed",238.589655,"alternative","high",3.81295613209593
"490","MO","Animal Feed",238.589655,"alternative","low",1.90647806604796
"491","MO","Animal Feed",238.589655,"baseline","high",3.81295613209593
"492","MO","Animal Feed",238.589655,"baseline","low",1.90647806604796
"493","MO","Recycling",238.589655,"alternative","high",17.9504523410777
"494","MO","Recycling",238.589655,"alternative","low",8.97522617053885
"495","MO","Recycling",238.589655,"baseline","high",15.8945365020783
"496","MO","Recycling",238.589655,"baseline","low",7.94726825103914
"497","MO","All",238.589655,"alternative","high",28.158352160415
"498","MO","All",238.589655,"alternative","low",14.0791760802075
"499","MO","All",238.589655,"baseline","high",22.4495504349967
"500","MO","All",238.589655,"baseline","low",11.2247752174984
"501","MT","Prevention",156.03582,"alternative","high",0.515503697389779
"502","MT","Prevention",156.03582,"alternative","low",0.257751848694889
"503","MT","Prevention",156.03582,"baseline","high",0.166518332916152
"504","MT","Prevention",156.03582,"baseline","low",0.0832591664580759
"505","MT","Rescue",156.03582,"alternative","high",1.18900988199625
"506","MT","Rescue",156.03582,"alternative","low",0.594504940998124
"507","MT","Rescue",156.03582,"baseline","high",0.683946385771514
"508","MT","Rescue",156.03582,"baseline","low",0.341973192885757
"509","MT","Animal Feed",156.03582,"alternative","high",0.273975929399559
"510","MT","Animal Feed",156.03582,"alternative","low",0.13698796469978
"511","MT","Animal Feed",156.03582,"baseline","high",0.273975929399559
"512","MT","Animal Feed",156.03582,"baseline","low",0.13698796469978
"513","MT","Recycling",156.03582,"alternative","high",12.7389365815447
"514","MT","Recycling",156.03582,"alternative","low",6.36946829077236
"515","MT","Recycling",156.03582,"baseline","high",11.0548447969014
"516","MT","Recycling",156.03582,"baseline","low",5.52742239845069
"517","MT","All",156.03582,"alternative","high",14.7174260903303
"518","MT","All",156.03582,"alternative","low",7.35871304516515
"519","MT","All",156.03582,"baseline","high",12.1792854449886
"520","MT","All",156.03582,"baseline","low",6.0896427224943
"521","NE","Prevention",267.619575,"alternative","high",4.61716696441775
"522","NE","Prevention",267.619575,"alternative","low",2.30858348220887
"523","NE","Prevention",267.619575,"baseline","high",1.80674978110905
"524","NE","Prevention",267.619575,"baseline","low",0.903374890554525
"525","NE","Rescue",267.619575,"alternative","high",3.0980930358245
"526","NE","Rescue",267.619575,"alternative","low",1.54904651791225
"527","NE","Rescue",267.619575,"baseline","high",1.64286374493584
"528","NE","Rescue",267.619575,"baseline","low",0.821431872467919
"529","NE","Animal Feed",267.619575,"alternative","high",7.27490885911587
"530","NE","Animal Feed",267.619575,"alternative","low",3.63745442955793
"531","NE","Animal Feed",267.619575,"baseline","high",7.27490885911587
"532","NE","Animal Feed",267.619575,"baseline","low",3.63745442955793
"533","NE","Recycling",267.619575,"alternative","high",19.604632541978
"534","NE","Recycling",267.619575,"alternative","low",9.80231627098902
"535","NE","Recycling",267.619575,"baseline","high",17.4342207985079
"536","NE","Recycling",267.619575,"baseline","low",8.71711039925395
"537","NE","All",267.619575,"alternative","high",34.5948014013362
"538","NE","All",267.619575,"alternative","low",17.2974007006681
"539","NE","All",267.619575,"baseline","high",28.1587431836686
"540","NE","All",267.619575,"baseline","low",14.0793715918343
"541","NV","Prevention",219.53877,"alternative","high",0.718140311536652
"542","NV","Prevention",219.53877,"alternative","low",0.359070155768326
"543","NV","Prevention",219.53877,"baseline","high",0.23176670927541
"544","NV","Prevention",219.53877,"baseline","low",0.115883354637705
"545","NV","Rescue",219.53877,"alternative","high",1.17644983522421
"546","NV","Rescue",219.53877,"alternative","low",0.588224917612107
"547","NV","Rescue",219.53877,"baseline","high",0.746447786997639
"548","NV","Rescue",219.53877,"baseline","low",0.373223893498819
"549","NV","Animal Feed",219.53877,"alternative","high",1.69909877903147
"550","NV","Animal Feed",219.53877,"alternative","low",0.849549389515733
"551","NV","Animal Feed",219.53877,"baseline","high",1.69909877903147
"552","NV","Animal Feed",219.53877,"baseline","low",0.849549389515733
"553","NV","Recycling",219.53877,"alternative","high",18.1678819112424
"554","NV","Recycling",219.53877,"alternative","low",9.08394095562118
"555","NV","Recycling",219.53877,"baseline","high",15.7743803980771
"556","NV","Recycling",219.53877,"baseline","low",7.88719019903855
"557","NV","All",219.53877,"alternative","high",21.7615708370347
"558","NV","All",219.53877,"alternative","low",10.8807854185173
"559","NV","All",219.53877,"baseline","high",18.4516936733816
"560","NV","All",219.53877,"baseline","low",9.22584683669081
"561","NH","Prevention",269.433945,"alternative","high",1.08460207599543
"562","NH","Prevention",269.433945,"alternative","low",0.542301037997713
"563","NH","Prevention",269.433945,"baseline","high",0.343085763834638
"564","NH","Prevention",269.433945,"baseline","low",0.171542881917319
"565","NH","Rescue",269.433945,"alternative","high",1.06829627046187
"566","NH","Rescue",269.433945,"alternative","low",0.534148135230935
"567","NH","Rescue",269.433945,"baseline","high",0.696635480727193
"568","NH","Rescue",269.433945,"baseline","low",0.348317740363597
"569","NH","Animal Feed",269.433945,"alternative","high",0.976648809615052
"570","NH","Animal Feed",269.433945,"alternative","low",0.488324404807526
"571","NH","Animal Feed",269.433945,"baseline","high",0.976648809615052
"572","NH","Animal Feed",269.433945,"baseline","low",0.488324404807526
"573","NH","Recycling",269.433945,"alternative","high",46.6203569461999
"574","NH","Recycling",269.433945,"alternative","low",23.3101784731
"575","NH","Recycling",269.433945,"baseline","high",39.493062521435
"576","NH","Recycling",269.433945,"baseline","low",19.7465312607175
"577","NH","All",269.433945,"alternative","high",49.7499041022723
"578","NH","All",269.433945,"alternative","low",24.8749520511361
"579","NH","All",269.433945,"baseline","high",41.5094325756119
"580","NH","All",269.433945,"baseline","low",20.7547162878059
"581","NJ","Prevention",192.32322,"alternative","high",0.625312367618818
"582","NJ","Prevention",192.32322,"alternative","low",0.312656183809409
"583","NJ","Prevention",192.32322,"baseline","high",0.19849731705295
"584","NJ","Prevention",192.32322,"baseline","low",0.0992486585264748
"585","NJ","Rescue",192.32322,"alternative","high",2.00100566786875
"586","NJ","Rescue",192.32322,"alternative","low",1.00050283393437
"587","NJ","Rescue",192.32322,"baseline","high",1.14022297607545
"588","NJ","Rescue",192.32322,"baseline","low",0.570111488037724
"589","NJ","Animal Feed",192.32322,"alternative","high",1.53875307084492
"590","NJ","Animal Feed",192.32322,"alternative","low",0.769376535422459
"591","NJ","Animal Feed",192.32322,"baseline","high",1.53875307084492
"592","NJ","Animal Feed",192.32322,"baseline","low",0.769376535422459
"593","NJ","Recycling",192.32322,"alternative","high",30.1317156217301
"594","NJ","Recycling",192.32322,"alternative","low",15.065857810865
"595","NJ","Recycling",192.32322,"baseline","high",25.9751728827948
"596","NJ","Recycling",192.32322,"baseline","low",12.9875864413974
"597","NJ","All",192.32322,"alternative","high",34.2967867280626
"598","NJ","All",192.32322,"alternative","low",17.1483933640313
"599","NJ","All",192.32322,"baseline","high",28.8526462467681
"600","NJ","All",192.32322,"baseline","low",14.4263231233841
"601","NM","Prevention",239.49684,"alternative","high",0.735107703145168
"602","NM","Prevention",239.49684,"alternative","low",0.367553851572584
"603","NM","Prevention",239.49684,"baseline","high",0.231542697371948
"604","NM","Prevention",239.49684,"baseline","low",0.115771348685974
"605","NM","Rescue",239.49684,"alternative","high",1.40869491809611
"606","NM","Rescue",239.49684,"alternative","low",0.704347459048054
"607","NM","Rescue",239.49684,"baseline","high",0.821959032447833
"608","NM","Rescue",239.49684,"baseline","low",0.410979516223917
"609","NM","Animal Feed",239.49684,"alternative","high",4.04900241677164
"610","NM","Animal Feed",239.49684,"alternative","low",2.02450120838582
"611","NM","Animal Feed",239.49684,"baseline","high",4.04900241677164
"612","NM","Animal Feed",239.49684,"baseline","low",2.02450120838582
"613","NM","Recycling",239.49684,"alternative","high",18.7028787455647
"614","NM","Recycling",239.49684,"alternative","low",9.35143937278234
"615","NM","Recycling",239.49684,"baseline","high",16.271505454964
"616","NM","Recycling",239.49684,"baseline","low",8.13575272748199
"617","NM","All",239.49684,"alternative","high",24.8956837835776
"618","NM","All",239.49684,"alternative","low",12.4478418917888
"619","NM","All",239.49684,"baseline","high",21.3740096015554
"620","NM","All",239.49684,"baseline","low",10.6870048007777
"621","NY","Prevention",169.643595,"alternative","high",0.908993566691218
"622","NY","Prevention",169.643595,"alternative","low",0.454496783345609
"623","NY","Prevention",169.643595,"baseline","high",0.291946827327434
"624","NY","Prevention",169.643595,"baseline","low",0.145973413663717
"625","NY","Rescue",169.643595,"alternative","high",2.61351707138796
"626","NY","Rescue",169.643595,"alternative","low",1.30675853569398
"627","NY","Rescue",169.643595,"baseline","high",1.40492614311689
"628","NY","Rescue",169.643595,"baseline","low",0.702463071558443
"629","NY","Animal Feed",169.643595,"alternative","high",4.7466913234967
"630","NY","Animal Feed",169.643595,"alternative","low",2.37334566174835
"631","NY","Animal Feed",169.643595,"baseline","high",4.7466913234967
"632","NY","Animal Feed",169.643595,"baseline","low",2.37334566174835
"633","NY","Recycling",169.643595,"alternative","high",23.9292325934026
"634","NY","Recycling",169.643595,"alternative","low",11.9646162967013
"635","NY","Recycling",169.643595,"baseline","high",20.980082392035
"636","NY","Recycling",169.643595,"baseline","low",10.4900411960175
"637","NY","All",169.643595,"alternative","high",32.1984345549785
"638","NY","All",169.643595,"alternative","low",16.0992172774893
"639","NY","All",169.643595,"baseline","high",27.423646685976
"640","NY","All",169.643595,"baseline","low",13.711823342988
"641","NC","Prevention",257.64054,"alternative","high",4.54429375861189
"642","NC","Prevention",257.64054,"alternative","low",2.27214687930594
"643","NC","Prevention",257.64054,"baseline","high",1.48459932916549
"644","NC","Prevention",257.64054,"baseline","low",0.742299664582747
"645","NC","Rescue",257.64054,"alternative","high",3.69218993197098
"646","NC","Rescue",257.64054,"alternative","low",1.84609496598549
"647","NC","Rescue",257.64054,"baseline","high",1.91534037239802
"648","NC","Rescue",257.64054,"baseline","low",0.957670186199008
"649","NC","Animal Feed",257.64054,"alternative","high",2.75105186780157
"650","NC","Animal Feed",257.64054,"alternative","low",1.37552593390078
"651","NC","Animal Feed",257.64054,"baseline","high",2.75105186780157
"652","NC","Animal Feed",257.64054,"baseline","low",1.37552593390078
"653","NC","Recycling",257.64054,"alternative","high",17.6992329069359
"654","NC","Recycling",257.64054,"alternative","low",8.84961645346796
"655","NC","Recycling",257.64054,"baseline","high",15.3171608030427
"656","NC","Recycling",257.64054,"baseline","low",7.65858040152137
"657","NC","All",257.64054,"alternative","high",28.6867684653204
"658","NC","All",257.64054,"alternative","low",14.3433842326602
"659","NC","All",257.64054,"baseline","high",21.4681523724078
"660","NC","All",257.64054,"baseline","low",10.7340761862039
"661","ND","Prevention",506.20923,"alternative","high",4.83605266955031
"662","ND","Prevention",506.20923,"alternative","low",2.41802633477515
"663","ND","Prevention",506.20923,"baseline","high",1.99878163664938
"664","ND","Prevention",506.20923,"baseline","low",0.999390818324689
"665","ND","Rescue",506.20923,"alternative","high",5.11982336981076
"666","ND","Rescue",506.20923,"alternative","low",2.55991168490538
"667","ND","Rescue",506.20923,"baseline","high",2.46948746461464
"668","ND","Rescue",506.20923,"baseline","low",1.23474373230732
"669","ND","Animal Feed",506.20923,"alternative","high",3.79581165087635
"670","ND","Animal Feed",506.20923,"alternative","low",1.89790582543817
"671","ND","Animal Feed",506.20923,"baseline","high",3.79581165087635
"672","ND","Animal Feed",506.20923,"baseline","low",1.89790582543817
"673","ND","Recycling",506.20923,"alternative","high",30.9994570971748
"674","ND","Recycling",506.20923,"alternative","low",15.4997285485874
"675","ND","Recycling",506.20923,"baseline","high",28.7808684915389
"676","ND","Recycling",506.20923,"baseline","low",14.3904342457694
"677","ND","All",506.20923,"alternative","high",44.7511447874122
"678","ND","All",506.20923,"alternative","low",22.3755723937061
"679","ND","All",506.20923,"baseline","high",37.0449492436792
"680","ND","All",506.20923,"baseline","low",18.5224746218396
"681","OH","Prevention",221.35314,"alternative","high",4.27812088601021
"682","OH","Prevention",221.35314,"alternative","low",2.1390604430051
"683","OH","Prevention",221.35314,"baseline","high",1.46412733333973
"684","OH","Prevention",221.35314,"baseline","low",0.732063666669864
"685","OH","Rescue",221.35314,"alternative","high",2.06872697097328
"686","OH","Rescue",221.35314,"alternative","low",1.03436348548664
"687","OH","Rescue",221.35314,"baseline","high",1.21513209651902
"688","OH","Rescue",221.35314,"baseline","low",0.607566048259508
"689","OH","Animal Feed",221.35314,"alternative","high",3.86389270769166
"690","OH","Animal Feed",221.35314,"alternative","low",1.93194635384583
"691","OH","Animal Feed",221.35314,"baseline","high",3.86389270769166
"692","OH","Animal Feed",221.35314,"baseline","low",1.93194635384583
"693","OH","Recycling",221.35314,"alternative","high",17.3203003413671
"694","OH","Recycling",221.35314,"alternative","low",8.66015017068354
"695","OH","Recycling",221.35314,"baseline","high",15.1664072753767
"696","OH","Recycling",221.35314,"baseline","low",7.58320363768834
"697","OH","All",221.35314,"alternative","high",27.5310409060422
"698","OH","All",221.35314,"alternative","low",13.7655204530211
"699","OH","All",221.35314,"baseline","high",21.7095594129271
"700","OH","All",221.35314,"baseline","low",10.8547797064635
"701","OK","Prevention",202.302255,"alternative","high",3.92570037285407
"702","OK","Prevention",202.302255,"alternative","low",1.96285018642703
"703","OK","Prevention",202.302255,"baseline","high",1.36135523368759
"704","OK","Prevention",202.302255,"baseline","low",0.680677616843797
"705","OK","Rescue",202.302255,"alternative","high",1.56061441746132
"706","OK","Rescue",202.302255,"alternative","low",0.780307208730658
"707","OK","Rescue",202.302255,"baseline","high",0.905822010372691
"708","OK","Rescue",202.302255,"baseline","low",0.452911005186346
"709","OK","Animal Feed",202.302255,"alternative","high",0.427442289583324
"710","OK","Animal Feed",202.302255,"alternative","low",0.213721144791662
"711","OK","Animal Feed",202.302255,"baseline","high",0.427442289583324
"712","OK","Animal Feed",202.302255,"baseline","low",0.213721144791662
"713","OK","Recycling",202.302255,"alternative","high",15.5078087538978
"714","OK","Recycling",202.302255,"alternative","low",7.75390437694889
"715","OK","Recycling",202.302255,"baseline","high",13.5401235141625
"716","OK","Recycling",202.302255,"baseline","low",6.77006175708124
"717","OK","All",202.302255,"alternative","high",21.4215658337965
"718","OK","All",202.302255,"alternative","low",10.7107829168982
"719","OK","All",202.302255,"baseline","high",16.2347430478061
"720","OK","All",202.302255,"baseline","low",8.11737152390304
"721","OR","Prevention",283.04172,"alternative","high",0.614141391227982
"722","OR","Prevention",283.04172,"alternative","low",0.307070695613991
"723","OR","Prevention",283.04172,"baseline","high",0.190491994966338
"724","OR","Prevention",283.04172,"baseline","low",0.0952459974831688
"725","OR","Rescue",283.04172,"alternative","high",8.98144439628634
"726","OR","Rescue",283.04172,"alternative","low",4.49072219814317
"727","OR","Rescue",283.04172,"baseline","high",4.48247925237871
"728","OR","Rescue",283.04172,"baseline","low",2.24123962618935
"729","OR","Animal Feed",283.04172,"alternative","high",0.911266342385782
"730","OR","Animal Feed",283.04172,"alternative","low",0.455633171192891
"731","OR","Animal Feed",283.04172,"baseline","high",0.911266342385782
"732","OR","Animal Feed",283.04172,"baseline","low",0.455633171192891
"733","OR","Recycling",283.04172,"alternative","high",18.1415252707844
"734","OR","Recycling",283.04172,"alternative","low",9.0707626353922
"735","OR","Recycling",283.04172,"baseline","high",15.9817437056875
"736","OR","Recycling",283.04172,"baseline","low",7.99087185284377
"737","OR","All",283.04172,"alternative","high",28.6483774006845
"738","OR","All",283.04172,"alternative","low",14.3241887003422
"739","OR","All",283.04172,"baseline","high",21.5659812954184
"740","OR","All",283.04172,"baseline","low",10.7829906477092
"741","PA","Prevention",206.83818,"alternative","high",0.647382279708887
"742","PA","Prevention",206.83818,"alternative","low",0.323691139854443
"743","PA","Prevention",206.83818,"baseline","high",0.211864461406556
"744","PA","Prevention",206.83818,"baseline","low",0.105932230703278
"745","PA","Rescue",206.83818,"alternative","high",2.40514676688399
"746","PA","Rescue",206.83818,"alternative","low",1.20257338344199
"747","PA","Rescue",206.83818,"baseline","high",1.33278987244475
"748","PA","Rescue",206.83818,"baseline","low",0.666394936222373
"749","PA","Animal Feed",206.83818,"alternative","high",3.03904610637037
"750","PA","Animal Feed",206.83818,"alternative","low",1.51952305318519
"751","PA","Animal Feed",206.83818,"baseline","high",3.03904610637037
"752","PA","Animal Feed",206.83818,"baseline","low",1.51952305318519
"753","PA","Recycling",206.83818,"alternative","high",15.6678387611184
"754","PA","Recycling",206.83818,"alternative","low",7.8339193805592
"755","PA","Recycling",206.83818,"baseline","high",13.6679334832192
"756","PA","Recycling",206.83818,"baseline","low",6.83396674160959
"757","PA","All",206.83818,"alternative","high",21.7594139140816
"758","PA","All",206.83818,"alternative","low",10.8797069570408
"759","PA","All",206.83818,"baseline","high",18.2516339234409
"760","PA","All",206.83818,"baseline","low",9.12581696172043
"761","RI","Prevention",164.200485,"alternative","high",0.57465601646981
"762","RI","Prevention",164.200485,"alternative","low",0.287328008234905
"763","RI","Prevention",164.200485,"baseline","high",0.180216704214082
"764","RI","Prevention",164.200485,"baseline","low",0.090108352107041
"765","RI","Rescue",164.200485,"alternative","high",1.36475965679471
"766","RI","Rescue",164.200485,"alternative","low",0.682379828397353
"767","RI","Rescue",164.200485,"baseline","high",0.859325377221032
"768","RI","Rescue",164.200485,"baseline","low",0.429662688610516
"769","RI","Animal Feed",164.200485,"alternative","high",1.01264533728117
"770","RI","Animal Feed",164.200485,"alternative","low",0.506322668640585
"771","RI","Animal Feed",164.200485,"baseline","high",1.01264533728117
"772","RI","Animal Feed",164.200485,"baseline","low",0.506322668640585
"773","RI","Recycling",164.200485,"alternative","high",27.3248319193668
"774","RI","Recycling",164.200485,"alternative","low",13.6624159596834
"775","RI","Recycling",164.200485,"baseline","high",23.4247595373161
"776","RI","Recycling",164.200485,"baseline","low",11.7123797686581
"777","RI","All",164.200485,"alternative","high",30.2768929299125
"778","RI","All",164.200485,"alternative","low",15.1384464649562
"779","RI","All",164.200485,"baseline","high",25.4769469560324
"780","RI","All",164.200485,"baseline","low",12.7384734780162
"781","SC","Prevention",221.35314,"alternative","high",4.43282959650969
"782","SC","Prevention",221.35314,"alternative","low",2.21641479825484
"783","SC","Prevention",221.35314,"baseline","high",1.43656708171675
"784","SC","Prevention",221.35314,"baseline","low",0.718283540858375
"785","SC","Rescue",221.35314,"alternative","high",2.71913067491399
"786","SC","Rescue",221.35314,"alternative","low",1.359565337457
"787","SC","Rescue",221.35314,"baseline","high",1.53647940012163
"788","SC","Rescue",221.35314,"baseline","low",0.768239700060816
"789","SC","Animal Feed",221.35314,"alternative","high",0.352692739344159
"790","SC","Animal Feed",221.35314,"alternative","low",0.176346369672079
"791","SC","Animal Feed",221.35314,"baseline","high",0.352692739344159
"792","SC","Animal Feed",221.35314,"baseline","low",0.176346369672079
"793","SC","Recycling",221.35314,"alternative","high",17.1002711258096
"794","SC","Recycling",221.35314,"alternative","low",8.55013556290478
"795","SC","Recycling",221.35314,"baseline","high",14.7981457685652
"796","SC","Recycling",221.35314,"baseline","low",7.39907288428259
"797","SC","All",221.35314,"alternative","high",24.6049241365774
"798","SC","All",221.35314,"alternative","low",12.3024620682887
"799","SC","All",221.35314,"baseline","high",18.1238849897477
"800","SC","All",221.35314,"baseline","low",9.06194249487386
"801","SD","Prevention",255.82617,"alternative","high",1.413833188036
"802","SD","Prevention",255.82617,"alternative","low",0.706916594017999
"803","SD","Prevention",255.82617,"baseline","high",0.489620930607139
"804","SD","Prevention",255.82617,"baseline","low",0.244810465303569
"805","SD","Rescue",255.82617,"alternative","high",1.02719711421793
"806","SD","Rescue",255.82617,"alternative","low",0.513598557108964
"807","SD","Rescue",255.82617,"baseline","high",0.632290217192094
"808","SD","Rescue",255.82617,"baseline","low",0.316145108596047
"809","SD","Animal Feed",255.82617,"alternative","high",12.4048127774049
"810","SD","Animal Feed",255.82617,"alternative","low",6.20240638870246
"811","SD","Animal Feed",255.82617,"baseline","high",12.4048127774049
"812","SD","Animal Feed",255.82617,"baseline","low",6.20240638870246
"813","SD","Recycling",255.82617,"alternative","high",19.1407685348239
"814","SD","Recycling",255.82617,"alternative","low",9.57038426741197
"815","SD","Recycling",255.82617,"baseline","high",17.0053467242053
"816","SD","Recycling",255.82617,"baseline","low",8.50267336210264
"817","SD","All",255.82617,"alternative","high",33.9866116144828
"818","SD","All",255.82617,"alternative","low",16.9933058072414
"819","SD","All",255.82617,"baseline","high",30.5320706494094
"820","SD","All",255.82617,"baseline","low",15.2660353247047
"821","TN","Prevention",232.23936,"alternative","high",0.774182474803049
"822","TN","Prevention",232.23936,"alternative","low",0.387091237401525
"823","TN","Prevention",232.23936,"baseline","high",0.263258137623551
"824","TN","Prevention",232.23936,"baseline","low",0.131629068811775
"825","TN","Rescue",232.23936,"alternative","high",1.85945691015328
"826","TN","Rescue",232.23936,"alternative","low",0.92972845507664
"827","TN","Rescue",232.23936,"baseline","high",1.13492366638351
"828","TN","Rescue",232.23936,"baseline","low",0.567461833191757
"829","TN","Animal Feed",232.23936,"alternative","high",2.53118308705671
"830","TN","Animal Feed",232.23936,"alternative","low",1.26559154352836
"831","TN","Animal Feed",232.23936,"baseline","high",2.53118308705671
"832","TN","Animal Feed",232.23936,"baseline","low",1.26559154352836
"833","TN","Recycling",232.23936,"alternative","high",37.149116450719
"834","TN","Recycling",232.23936,"alternative","low",18.5745582253595
"835","TN","Recycling",232.23936,"baseline","high",32.4708918165697
"836","TN","Recycling",232.23936,"baseline","low",16.2354459082849
"837","TN","All",232.23936,"alternative","high",42.3139389227321
"838","TN","All",232.23936,"alternative","low",21.156969461366
"839","TN","All",232.23936,"baseline","high",36.4002567076335
"840","TN","All",232.23936,"baseline","low",18.2001283538168
"841","TX","Prevention",177.80826,"alternative","high",3.1134046377941
"842","TX","Prevention",177.80826,"alternative","low",1.55670231889705
"843","TX","Prevention",177.80826,"baseline","high",1.065355613046
"844","TX","Prevention",177.80826,"baseline","low",0.532677806523001
"845","TX","Rescue",177.80826,"alternative","high",1.37761017586606
"846","TX","Rescue",177.80826,"alternative","low",0.688805087933032
"847","TX","Rescue",177.80826,"baseline","high",0.806688301650884
"848","TX","Rescue",177.80826,"baseline","low",0.403344150825442
"849","TX","Animal Feed",177.80826,"alternative","high",0.470276672126024
"850","TX","Animal Feed",177.80826,"alternative","low",0.235138336063012
"851","TX","Animal Feed",177.80826,"baseline","high",0.470276672126024
"852","TX","Animal Feed",177.80826,"baseline","low",0.235138336063012
"853","TX","Recycling",177.80826,"alternative","high",13.5076821414247
"854","TX","Recycling",177.80826,"alternative","low",6.75384107071237
"855","TX","Recycling",177.80826,"baseline","high",11.849342578275
"856","TX","Recycling",177.80826,"baseline","low",5.92467128913749
"857","TX","All",177.80826,"alternative","high",18.4689736272109
"858","TX","All",177.80826,"alternative","low",9.23448681360547
"859","TX","All",177.80826,"baseline","high",14.1916631650979
"860","TX","All",177.80826,"baseline","low",7.09583158254895
"861","UT","Prevention",202.302255,"alternative","high",3.4589797853172
"862","UT","Prevention",202.302255,"alternative","low",1.7294898926586
"863","UT","Prevention",202.302255,"baseline","high",1.19418118700004
"864","UT","Prevention",202.302255,"baseline","low",0.597090593500019
"865","UT","Rescue",202.302255,"alternative","high",1.12866190348536
"866","UT","Rescue",202.302255,"alternative","low",0.564330951742682
"867","UT","Rescue",202.302255,"baseline","high",0.67018618356795
"868","UT","Rescue",202.302255,"baseline","low",0.335093091783975
"869","UT","Animal Feed",202.302255,"alternative","high",8.23524821371021
"870","UT","Animal Feed",202.302255,"alternative","low",4.1176241068551
"871","UT","Animal Feed",202.302255,"baseline","high",8.23524821371021
"872","UT","Animal Feed",202.302255,"baseline","low",4.1176241068551
"873","UT","Recycling",202.302255,"alternative","high",15.357957400425
"874","UT","Recycling",202.302255,"alternative","low",7.67897870021249
"875","UT","Recycling",202.302255,"baseline","high",13.5195345230902
"876","UT","Recycling",202.302255,"baseline","low",6.75976726154512
"877","UT","All",202.302255,"alternative","high",28.1808473029378
"878","UT","All",202.302255,"alternative","low",14.0904236514689
"879","UT","All",202.302255,"baseline","high",23.6191501073684
"880","UT","All",202.302255,"baseline","low",11.8095750536842
"881","VT","Prevention",236.775285,"alternative","high",0.635743029266111
"882","VT","Prevention",236.775285,"alternative","low",0.317871514633056
"883","VT","Prevention",236.775285,"baseline","high",0.203296304808486
"884","VT","Prevention",236.775285,"baseline","low",0.101648152404243
"885","VT","Rescue",236.775285,"alternative","high",1.26291596265226
"886","VT","Rescue",236.775285,"alternative","low",0.631457981326128
"887","VT","Rescue",236.775285,"baseline","high",0.700169170073209
"888","VT","Rescue",236.775285,"baseline","low",0.350084585036605
"889","VT","Animal Feed",236.775285,"alternative","high",1.05872668327382
"890","VT","Animal Feed",236.775285,"alternative","low",0.529363341636912
"891","VT","Animal Feed",236.775285,"baseline","high",1.05872668327382
"892","VT","Animal Feed",236.775285,"baseline","low",0.529363341636912
"893","VT","Recycling",236.775285,"alternative","high",86.8548937452268
"894","VT","Recycling",236.775285,"alternative","low",43.4274468726134
"895","VT","Recycling",236.775285,"baseline","high",76.5734635169376
"896","VT","Recycling",236.775285,"baseline","low",38.2867317584688
"897","VT","All",236.775285,"alternative","high",89.8122794204189
"898","VT","All",236.775285,"alternative","low",44.9061397102095
"899","VT","All",236.775285,"baseline","high",78.5356556750932
"900","VT","All",236.775285,"baseline","low",39.2678278375466
"901","VA","Prevention",222.260325,"alternative","high",0.769407206767631
"902","VA","Prevention",222.260325,"alternative","low",0.384703603383815
"903","VA","Prevention",222.260325,"baseline","high",0.244812556120816
"904","VA","Prevention",222.260325,"baseline","low",0.122406278060408
"905","VA","Rescue",222.260325,"alternative","high",2.70965103213798
"906","VA","Rescue",222.260325,"alternative","low",1.35482551606899
"907","VA","Rescue",222.260325,"baseline","high",1.63872891849571
"908","VA","Rescue",222.260325,"baseline","low",0.819364459247857
"909","VA","Animal Feed",222.260325,"alternative","high",1.31561652744052
"910","VA","Animal Feed",222.260325,"alternative","low",0.657808263720259
"911","VA","Animal Feed",222.260325,"baseline","high",1.31561652744052
"912","VA","Animal Feed",222.260325,"baseline","low",0.657808263720259
"913","VA","Recycling",222.260325,"alternative","high",18.2013134823679
"914","VA","Recycling",222.260325,"alternative","low",9.10065674118395
"915","VA","Recycling",222.260325,"baseline","high",15.7149738112102
"916","VA","Recycling",222.260325,"baseline","low",7.85748690560508
"917","VA","All",222.260325,"alternative","high",22.995988248714
"918","VA","All",222.260325,"alternative","low",11.497994124357
"919","VA","All",222.260325,"baseline","high",18.9141318132672
"920","VA","All",222.260325,"baseline","low",9.4570659066336
"921","WA","Prevention",458.128425,"alternative","high",0.591007574658519
"922","WA","Prevention",458.128425,"alternative","low",0.29550378732926
"923","WA","Prevention",458.128425,"baseline","high",0.181092243903888
"924","WA","Prevention",458.128425,"baseline","low",0.090546121951944
"925","WA","Rescue",458.128425,"alternative","high",23.4934039199821
"926","WA","Rescue",458.128425,"alternative","low",11.7467019599911
"927","WA","Rescue",458.128425,"baseline","high",11.360825012466
"928","WA","Rescue",458.128425,"baseline","low",5.68041250623299
"929","WA","Animal Feed",458.128425,"alternative","high",5.99789126959189
"930","WA","Animal Feed",458.128425,"alternative","low",2.99894563479595
"931","WA","Animal Feed",458.128425,"baseline","high",5.99789126959189
"932","WA","Animal Feed",458.128425,"baseline","low",2.99894563479595
"933","WA","Recycling",458.128425,"alternative","high",22.4903035405752
"934","WA","Recycling",458.128425,"alternative","low",11.2451517702876
"935","WA","Recycling",458.128425,"baseline","high",20.4397089213146
"936","WA","Recycling",458.128425,"baseline","low",10.2198544606573
"937","WA","All",458.128425,"alternative","high",52.5726063048077
"938","WA","All",458.128425,"alternative","low",26.2863031524039
"939","WA","All",458.128425,"baseline","high",37.9795174472764
"940","WA","All",458.128425,"baseline","low",18.9897587236382
"941","WV","Prevention",197.76633,"alternative","high",4.38609554884221
"942","WV","Prevention",197.76633,"alternative","low",2.1930477744211
"943","WV","Prevention",197.76633,"baseline","high",1.43466861212338
"944","WV","Prevention",197.76633,"baseline","low",0.717334306061689
"945","WV","Rescue",197.76633,"alternative","high",2.15297026762866
"946","WV","Rescue",197.76633,"alternative","low",1.07648513381433
"947","WV","Rescue",197.76633,"baseline","high",1.27276192802472
"948","WV","Rescue",197.76633,"baseline","low",0.636380964012359
"949","WV","Animal Feed",197.76633,"alternative","high",0.769834885664868
"950","WV","Animal Feed",197.76633,"alternative","low",0.384917442832434
"951","WV","Animal Feed",197.76633,"baseline","high",0.769834885664868
"952","WV","Animal Feed",197.76633,"baseline","low",0.384917442832434
"953","WV","Recycling",197.76633,"alternative","high",16.2297673307381
"954","WV","Recycling",197.76633,"alternative","low",8.11488366536904
"955","WV","Recycling",197.76633,"baseline","high",14.0157105640058
"956","WV","Recycling",197.76633,"baseline","low",7.00785528200291
"957","WV","All",197.76633,"alternative","high",23.5386680328738
"958","WV","All",197.76633,"alternative","low",11.7693340164369
"959","WV","All",197.76633,"baseline","high",17.4929759898188
"960","WV","All",197.76633,"baseline","low",8.74648799490939
"961","WI","Prevention",537.960705,"alternative","high",0.633743232172322
"962","WI","Prevention",537.960705,"alternative","low",0.316871616086161
"963","WI","Prevention",537.960705,"baseline","high",0.217553228490082
"964","WI","Prevention",537.960705,"baseline","low",0.108776614245041
"965","WI","Rescue",537.960705,"alternative","high",3.16304743773587
"966","WI","Rescue",537.960705,"alternative","low",1.58152371886794
"967","WI","Rescue",537.960705,"baseline","high",1.59162381836144
"968","WI","Rescue",537.960705,"baseline","low",0.795811909180719
"969","WI","Animal Feed",537.960705,"alternative","high",4.85720217000087
"970","WI","Animal Feed",537.960705,"alternative","low",2.42860108500044
"971","WI","Animal Feed",537.960705,"baseline","high",4.85720217000087
"972","WI","Animal Feed",537.960705,"baseline","low",2.42860108500044
"973","WI","Recycling",537.960705,"alternative","high",31.1194575598766
"974","WI","Recycling",537.960705,"alternative","low",15.5597287799383
"975","WI","Recycling",537.960705,"baseline","high",29.2052798855447
"976","WI","Recycling",537.960705,"baseline","low",14.6026399427724
"977","WI","All",537.960705,"alternative","high",39.7734503997857
"978","WI","All",537.960705,"alternative","low",19.8867251998928
"979","WI","All",537.960705,"baseline","high",35.8716591023971
"980","WI","All",537.960705,"baseline","low",17.9358295511986
"981","WY","Prevention",200.487885,"alternative","high",4.7459781224359
"982","WY","Prevention",200.487885,"alternative","low",2.37298906121795
"983","WY","Prevention",200.487885,"baseline","high",1.52692909250246
"984","WY","Prevention",200.487885,"baseline","low",0.763464546251232
"985","WY","Rescue",200.487885,"alternative","high",0.910779789727405
"986","WY","Rescue",200.487885,"alternative","low",0.455389894863703
"987","WY","Rescue",200.487885,"baseline","high",0.606889550161957
"988","WY","Rescue",200.487885,"baseline","low",0.303444775080978
"989","WY","Animal Feed",200.487885,"alternative","high",0.618683963389509
"990","WY","Animal Feed",200.487885,"alternative","low",0.309341981694755
"991","WY","Animal Feed",200.487885,"baseline","high",0.618683963389509
"992","WY","Animal Feed",200.487885,"baseline","low",0.309341981694755
"993","WY","Recycling",200.487885,"alternative","high",17.4741312328069
"994","WY","Recycling",200.487885,"alternative","low",8.73706561640344
"995","WY","Recycling",200.487885,"baseline","high",14.9655355548177
"996","WY","Recycling",200.487885,"baseline","low",7.48276777740887
"997","WY","All",200.487885,"alternative","high",23.7495731083597
"998","WY","All",200.487885,"alternative","low",11.8747865541798
"999","WY","All",200.487885,"baseline","high",17.7180381608717
"1000","WY","All",200.487885,"baseline","low",8.85901908043583
